binary,address,oldname,name,distance,in_degree,out_degree,score,strong:CdControl,strong:CdControlB,strong:CdControlF,strong:CdReady,strong:CdSync,strong:CdlLOC,strong:CdLOC,strong:btoi,strong:itob,weak:loc.minute,weak:loc.second,weak:loc.sector,weak:CdlSetloc,weak:CdlRead,weak:CdlReadS,weak:CdlPlay,weak:CdlSetfilter,weak:memcpy,weak:memmove,weak:memset,num:0x800,num:2048,num:0x930,num:2352,num:0x924,num:2340,num:2328
MAIN.EXE,0x2434,FUN_00002434,cdstream_init_or_start,0,0,3,7,0,0,0,0,0,0,0,0,0,0,0,0,0,0,0,0,0,0,0,0,4,0,0,0,0,0,0
MAIN.EXE,0x26f4,FUN_000026f4,cdstream_reset,0,0,4,4,0,0,0,0,0,0,0,0,0,0,0,0,0,0,0,0,0,0,0,0,1,0,0,0,0,0,0
MAIN.EXE,0x19ec0,FUN_00019ec0,cdstream_stage_payload,1,5,5,4,0,0,0,0,0,0,0,0,0,0,0,0,0,0,0,0,0,0,0,0,2,0,0,0,0,0,0
MAIN.EXE,0x28d8,FUN_000028d8,cdstream_register_callback2,0,0,1,3,0,0,0,0,0,0,0,0,0,0,0,0,0,0,0,0,0,0,0,0,0,0,0,0,0,0,0
MAIN.EXE,0x21d4,FUN_000021d4,cdstream_process_queue,0,0,2,3,0,0,0,0,0,0,0,0,0,0,0,0,0,0,0,0,0,0,0,0,0,0,0,0,0,0,0
MAIN.EXE,0x2584,FUN_00002584,cdstream_poll_idle,0,0,2,3,0,0,0,0,0,0,0,0,0,0,0,0,0,0,0,0,0,0,0,0,0,0,0,0,0,0,0
MAIN.EXE,0x197bc,FUN_000197bc,cdstream_device_pump,3,0,4,3,0,0,0,0,0,0,0,0,0,0,0,0,0,0,0,0,0,0,0,0,3,0,0,0,0,0,0
MAIN.EXE,0x199d4,FUN_000199d4,cdstream_memcpy_sector,1,1,1,3,0,0,0,0,0,0,0,0,0,0,0,0,0,0,0,0,0,0,0,0,1,0,0,0,0,0,0
MAIN.EXE,0x6050,FUN_00006050,FUN_00006050,2,0,3,2,0,0,0,0,0,0,0,0,0,0,0,0,0,0,0,0,0,0,0,0,1,0,0,0,0,0,0
MAIN.EXE,0xa234,FUN_0000a234,FUN_0000a234,2,0,5,2,0,0,0,0,0,0,0,0,0,0,0,0,0,0,0,0,0,0,0,0,1,0,0,0,0,0,0
MAIN.EXE,0x9f08,FUN_00009f08,FUN_00009f08,3,0,6,2,0,0,0,0,0,0,0,0,0,0,0,0,0,0,0,0,0,0,0,0,2,0,0,0,0,0,0
MAIN.EXE,0x1a028,FUN_0001a028,cdstream_advance_and_dispatch,1,1,0,2,0,0,0,0,0,0,0,0,0,0,0,0,0,0,0,0,0,0,0,0,0,0,0,0,0,0,0
MAIN.EXE,0x1a038,FUN_0001a038,cdstream_advance_and_dispatch2,1,1,1,2,0,0,0,0,0,0,0,0,0,0,0,0,0,0,0,0,0,0,0,0,0,0,0,0,0,0,0
MAIN.EXE,0x1a100,FUN_0001a100,cdstream_noop,1,3,0,2,0,0,0,0,0,0,0,0,0,0,0,0,0,0,0,0,0,0,0,0,0,0,0,0,0,0,0
MAIN.EXE,0x1dd78,FUN_0001dd78,FUN_0001dd78,1,3,1,2,0,0,0,0,0,0,0,0,0,0,0,0,0,0,0,0,0,0,0,0,0,0,0,0,0,0,0
MAIN.EXE,0x1dd04,FUN_0001dd04,FUN_0001dd04,1,6,1,2,0,0,0,0,0,0,0,0,0,0,0,0,0,0,0,0,0,0,0,0,0,0,0,0,0,0,0
MAIN.EXE,0x1d600,FUN_0001d600,update_state_dispatch,1,18,2,2,0,0,0,0,0,0,0,0,0,0,0,0,0,0,0,0,0,0,0,0,0,0,0,0,0,0,0
MAIN.EXE,0x1cc58,FUN_0001cc58,FUN_0001cc58,1,51,0,2,0,0,0,0,0,0,0,0,0,0,0,0,0,0,0,0,0,0,0,0,0,0,0,0,0,0,0
MAIN.EXE,0x2ab0,FUN_00002ab0,FUN_00002ab0,2,0,1,1,0,0,0,0,0,0,0,0,0,0,0,0,0,0,0,0,0,0,0,0,0,0,0,0,0,0,0
MAIN.EXE,0x1a0ec,FUN_0001a0ec,FUN_0001a0ec,2,0,1,1,0,0,0,0,0,0,0,0,0,0,0,0,0,0,0,0,0,0,0,0,0,0,0,0,0,0,0
MAIN.EXE,0x15ab8,FUN_00015ab8,FUN_00015ab8,2,0,1,1,0,0,0,0,0,0,0,0,0,0,0,0,0,0,0,0,0,0,0,0,0,0,0,0,0,0,0
MAIN.EXE,0x16780,FUN_00016780,FUN_00016780,2,0,1,1,0,0,0,0,0,0,0,0,0,0,0,0,0,0,0,0,0,0,0,0,0,0,0,0,0,0,0
MAIN.EXE,0x12c80,FUN_00012c80,FUN_00012c80,2,0,1,1,0,0,0,0,0,0,0,0,0,0,0,0,0,0,0,0,0,0,0,0,0,0,0,0,0,0,0
MAIN.EXE,0x1f24,FUN_00001f24,FUN_00001f24,2,0,1,1,0,0,0,0,0,0,0,0,0,0,0,0,0,0,0,0,0,0,0,0,0,0,0,0,0,0,0
MAIN.EXE,0x9d8,FUN_000009d8,FUN_000009d8,2,0,1,1,0,0,0,0,0,0,0,0,0,0,0,0,0,0,0,0,0,0,0,0,0,0,0,0,0,0,0
MAIN.EXE,0xb38,FUN_00000b38,FUN_00000b38,2,0,1,1,0,0,0,0,0,0,0,0,0,0,0,0,0,0,0,0,0,0,0,0,0,0,0,0,0,0,0
MAIN.EXE,0x66b0,FUN_000066b0,FUN_000066b0,2,0,1,1,0,0,0,0,0,0,0,0,0,0,0,0,0,0,0,0,0,0,0,0,0,0,0,0,0,0,0
MAIN.EXE,0x1f344,FUN_0001f344,FUN_0001f344,2,0,1,1,0,0,0,0,0,0,0,0,0,0,0,0,0,0,0,0,0,0,0,0,0,0,0,0,0,0,0
MAIN.EXE,0x14520,FUN_00014520,FUN_00014520,2,0,1,1,0,0,0,0,0,0,0,0,0,0,0,0,0,0,0,0,0,0,0,0,0,0,0,0,0,0,0
MAIN.EXE,0x158ec,FUN_000158ec,FUN_000158ec,2,0,1,1,0,0,0,0,0,0,0,0,0,0,0,0,0,0,0,0,0,0,0,0,0,0,0,0,0,0,0
MAIN.EXE,0x19614,FUN_00019614,FUN_00019614,2,0,1,1,0,0,0,0,0,0,0,0,0,0,0,0,0,0,0,0,0,0,0,0,0,0,0,0,0,0,0
MAIN.EXE,0x26c0,FUN_000026c0,FUN_000026c0,2,0,1,1,0,0,0,0,0,0,0,0,0,0,0,0,0,0,0,0,0,0,0,0,0,0,0,0,0,0,0
MAIN.EXE,0x1954,FUN_00001954,FUN_00001954,2,0,2,1,0,0,0,0,0,0,0,0,0,0,0,0,0,0,0,0,0,0,0,0,0,0,0,0,0,0,0
MAIN.EXE,0x1644,FUN_00001644,FUN_00001644,2,0,2,1,0,0,0,0,0,0,0,0,0,0,0,0,0,0,0,0,0,0,0,0,0,0,0,0,0,0,0
MAIN.EXE,0x3b7c,FUN_00003b7c,FUN_00003b7c,2,0,2,1,0,0,0,0,0,0,0,0,0,0,0,0,0,0,0,0,0,0,0,0,0,0,0,0,0,0,0
MAIN.EXE,0x1ef54,FUN_0001ef54,FUN_0001ef54,2,0,2,1,0,0,0,0,0,0,0,0,0,0,0,0,0,0,0,0,0,0,0,0,0,0,0,0,0,0,0
MAIN.EXE,0x9b18,FUN_00009b18,FUN_00009b18,2,0,2,1,0,0,0,0,0,0,0,0,0,0,0,0,0,0,0,0,0,0,0,0,0,0,0,0,0,0,0
MAIN.EXE,0xad4,FUN_00000ad4,FUN_00000ad4,2,0,2,1,0,0,0,0,0,0,0,0,0,0,0,0,0,0,0,0,0,0,0,0,0,0,0,0,0,0,0
MAIN.EXE,0xcc00,FUN_0000cc00,FUN_0000cc00,2,0,2,1,0,0,0,0,0,0,0,0,0,0,0,0,0,0,0,0,0,0,0,0,0,0,0,0,0,0,0
MAIN.EXE,0x364c,FUN_0000364c,FUN_0000364c,2,0,2,1,0,0,0,0,0,0,0,0,0,0,0,0,0,0,0,0,0,0,0,0,0,0,0,0,0,0,0
MAIN.EXE,0x3824,FUN_00003824,FUN_00003824,2,0,2,1,0,0,0,0,0,0,0,0,0,0,0,0,0,0,0,0,0,0,0,0,0,0,0,0,0,0,0
MAIN.EXE,0x8158,FUN_00008158,FUN_00008158,2,0,3,1,0,0,0,0,0,0,0,0,0,0,0,0,0,0,0,0,0,0,0,0,0,0,0,0,0,0,0
MAIN.EXE,0xae1c,FUN_0000ae1c,FUN_0000ae1c,2,0,3,1,0,0,0,0,0,0,0,0,0,0,0,0,0,0,0,0,0,0,0,0,0,0,0,0,0,0,0
MAIN.EXE,0x1245c,FUN_0001245c,FUN_0001245c,2,0,3,1,0,0,0,0,0,0,0,0,0,0,0,0,0,0,0,0,0,0,0,0,0,0,0,0,0,0,0
MAIN.EXE,0x3a64,FUN_00003a64,action_accel,2,0,3,1,0,0,0,0,0,0,0,0,0,0,0,0,0,0,0,0,0,0,0,0,0,0,0,0,0,0,0
MAIN.EXE,0x3cf0,FUN_00003cf0,FUN_00003cf0,2,0,3,1,0,0,0,0,0,0,0,0,0,0,0,0,0,0,0,0,0,0,0,0,0,0,0,0,0,0,0
MAIN.EXE,0x1616c,FUN_0001616c,FUN_0001616c,2,0,3,1,0,0,0,0,0,0,0,0,0,0,0,0,0,0,0,0,0,0,0,0,0,0,0,0,0,0,0
MAIN.EXE,0x15e80,FUN_00015e80,FUN_00015e80,2,0,3,1,0,0,0,0,0,0,0,0,0,0,0,0,0,0,0,0,0,0,0,0,0,0,0,0,0,0,0
MAIN.EXE,0x3738,FUN_00003738,FUN_00003738,2,0,3,1,0,0,0,0,0,0,0,0,0,0,0,0,0,0,0,0,0,0,0,0,0,0,0,0,0,0,0
MAIN.EXE,0x19040,FUN_00019040,FUN_00019040,2,0,3,1,0,0,0,0,0,0,0,0,0,0,0,0,0,0,0,0,0,0,0,0,0,0,0,0,0,0,0
MAIN.EXE,0xa174,FUN_0000a174,FUN_0000a174,3,0,3,1,0,0,0,0,0,0,0,0,0,0,0,0,0,0,0,0,0,0,0,0,1,0,0,0,0,0,0
MAIN.EXE,0x1b90,FUN_00001b90,FUN_00001b90,2,0,4,1,0,0,0,0,0,0,0,0,0,0,0,0,0,0,0,0,0,0,0,0,0,0,0,0,0,0,0
MAIN.EXE,0x80e8,FUN_000080e8,FUN_000080e8,2,0,4,1,0,0,0,0,0,0,0,0,0,0,0,0,0,0,0,0,0,0,0,0,0,0,0,0,0,0,0
MAIN.EXE,0x17d48,FUN_00017d48,FUN_00017d48,2,0,4,1,0,0,0,0,0,0,0,0,0,0,0,0,0,0,0,0,0,0,0,0,0,0,0,0,0,0,0
MAIN.EXE,0x18424,FUN_00018424,FUN_00018424,2,0,4,1,0,0,0,0,0,0,0,0,0,0,0,0,0,0,0,0,0,0,0,0,0,0,0,0,0,0,0
MAIN.EXE,0x9dec,FUN_00009dec,FUN_00009dec,2,0,4,1,0,0,0,0,0,0,0,0,0,0,0,0,0,0,0,0,0,0,0,0,0,0,0,0,0,0,0
MAIN.EXE,0x180bc,FUN_000180bc,FUN_000180bc,2,0,5,1,0,0,0,0,0,0,0,0,0,0,0,0,0,0,0,0,0,0,0,0,0,0,0,0,0,0,0
MAIN.EXE,0xa7d4,FUN_0000a7d4,FUN_0000a7d4,2,0,5,1,0,0,0,0,0,0,0,0,0,0,0,0,0,0,0,0,0,0,0,0,0,0,0,0,0,0,0
MAIN.EXE,0x230a8,FUN_000230a8,FUN_000230a8,2,0,5,1,0,0,0,0,0,0,0,0,0,0,0,0,0,0,0,0,0,0,0,0,0,0,0,0,0,0,0
MAIN.EXE,0x292c,FUN_0000292c,FUN_0000292c,2,0,6,1,0,0,0,0,0,0,0,0,0,0,0,0,0,0,0,0,0,0,0,0,0,0,0,0,0,0,0
MAIN.EXE,0xa6f4,FUN_0000a6f4,FUN_0000a6f4,2,0,6,1,0,0,0,0,0,0,0,0,0,0,0,0,0,0,0,0,0,0,0,0,0,0,0,0,0,0,0
MAIN.EXE,0x8ebc,FUN_00008ebc,FUN_00008ebc,2,0,7,1,0,0,0,0,0,0,0,0,0,0,0,0,0,0,0,0,0,0,0,0,0,0,0,0,0,0,0
MAIN.EXE,0x17b68,FUN_00017b68,FUN_00017b68,2,0,7,1,0,0,0,0,0,0,0,0,0,0,0,0,0,0,0,0,0,0,0,0,0,0,0,0,0,0,0
MAIN.EXE,0xa34c,FUN_0000a34c,FUN_0000a34c,2,0,7,1,0,0,0,0,0,0,0,0,0,0,0,0,0,0,0,0,0,0,0,0,0,0,0,0,0,0,0
MAIN.EXE,0x174c4,FUN_000174c4,FUN_000174c4,2,0,8,1,0,0,0,0,0,0,0,0,0,0,0,0,0,0,0,0,0,0,0,0,0,0,0,0,0,0,0
MAIN.EXE,0x16f7c,FUN_00016f7c,FUN_00016f7c,2,0,8,1,0,0,0,0,0,0,0,0,0,0,0,0,0,0,0,0,0,0,0,0,0,0,0,0,0,0,0
MAIN.EXE,0x171fc,FUN_000171fc,FUN_000171fc,2,0,9,1,0,0,0,0,0,0,0,0,0,0,0,0,0,0,0,0,0,0,0,0,0,0,0,0,0,0,0
MAIN.EXE,0xc490,FUN_0000c490,FUN_0000c490,2,0,9,1,0,0,0,0,0,0,0,0,0,0,0,0,0,0,0,0,0,0,0,0,0,0,0,0,0,0,0
MAIN.EXE,0x83ac,FUN_000083ac,FUN_000083ac,2,0,9,1,0,0,0,0,0,0,0,0,0,0,0,0,0,0,0,0,0,0,0,0,0,0,0,0,0,0,0
MAIN.EXE,0xd208,FUN_0000d208,FUN_0000d208,2,0,10,1,0,0,0,0,0,0,0,0,0,0,0,0,0,0,0,0,0,0,0,0,0,0,0,0,0,0,0
MAIN.EXE,0x9708,FUN_00009708,suspect_action_move_04_lvl0,2,0,10,1,0,0,0,0,0,0,0,0,0,0,0,0,0,0,0,0,0,0,0,0,0,0,0,0,0,0,0
MAIN.EXE,0x8ce4,FUN_00008ce4,FUN_00008ce4,2,0,11,1,0,0,0,0,0,0,0,0,0,0,0,0,0,0,0,0,0,0,0,0,0,0,0,0,0,0,0
MAIN.EXE,0x1a804,FUN_0001a804,suspect_input_mode_handler,2,0,11,1,0,0,0,0,0,0,0,0,0,0,0,0,0,0,0,0,0,0,0,0,0,0,0,0,0,0,0
MAIN.EXE,0x18a0c,FUN_00018a0c,FUN_00018a0c,2,0,13,1,0,0,0,0,0,0,0,0,0,0,0,0,0,0,0,0,0,0,0,0,0,0,0,0,0,0,0
MAIN.EXE,0x8528,FUN_00008528,FUN_00008528,2,0,18,1,0,0,0,0,0,0,0,0,0,0,0,0,0,0,0,0,0,0,0,0,0,0,0,0,0,0,0
MAIN.EXE,0x90e0,FUN_000090e0,main_update,2,0,31,1,0,0,0,0,0,0,0,0,0,0,0,0,0,0,0,0,0,0,0,0,0,0,0,0,0,0,0
MAIN.EXE,0x317d0,FUN_000317d0,FUN_000317d0,2,1,0,1,0,0,0,0,0,0,0,0,0,0,0,0,0,0,0,0,0,0,0,0,0,0,0,0,0,0,0
MAIN.EXE,0x30a98,FUN_00030a98,FUN_00030a98,2,1,0,1,0,0,0,0,0,0,0,0,0,0,0,0,0,0,0,0,0,0,0,0,0,0,0,0,0,0,0
MAIN.EXE,0x34f08,FUN_00034f08,suspect_action_handler_01_lvl1,2,1,0,1,0,0,0,0,0,0,0,0,0,0,0,0,0,0,0,0,0,0,0,0,0,0,0,0,0,0,0
MAIN.EXE,0x34f40,FUN_00034f40,suspect_action_handler_02_lvl1,2,1,0,1,0,0,0,0,0,0,0,0,0,0,0,0,0,0,0,0,0,0,0,0,0,0,0,0,0,0,0
MAIN.EXE,0x18338,FUN_00018338,FUN_00018338,2,1,1,1,0,0,0,0,0,0,0,0,0,0,0,0,0,0,0,0,0,0,0,0,0,0,0,0,0,0,0
MAIN.EXE,0x1dad0,FUN_0001dad0,FUN_0001dad0,2,1,1,1,0,0,0,0,0,0,0,0,0,0,0,0,0,0,0,0,0,0,0,0,0,0,0,0,0,0,0
MAIN.EXE,0x189d0,FUN_000189d0,FUN_000189d0,2,1,1,1,0,0,0,0,0,0,0,0,0,0,0,0,0,0,0,0,0,0,0,0,0,0,0,0,0,0,0
MAIN.EXE,0x187c4,FUN_000187c4,FUN_000187c4,2,1,2,1,0,0,0,0,0,0,0,0,0,0,0,0,0,0,0,0,0,0,0,0,0,0,0,0,0,0,0
MAIN.EXE,0x2252c,FUN_0002252c,FUN_0002252c,2,1,3,1,0,0,0,0,0,0,0,0,0,0,0,0,0,0,0,0,0,0,0,0,0,0,0,0,0,0,0
MAIN.EXE,0x18fbc,FUN_00018fbc,FUN_00018fbc,2,1,7,1,0,0,0,0,0,0,0,0,0,0,0,0,0,0,0,0,0,0,0,0,0,0,0,0,0,0,0
MAIN.EXE,0x2273c,FUN_0002273c,FUN_0002273c,2,1,16,1,0,0,0,0,0,0,0,0,0,0,0,0,0,0,0,0,0,0,0,0,0,0,0,0,0,0,0
MAIN.EXE,0x3186c,FUN_0003186c,FUN_0003186c,2,2,0,1,0,0,0,0,0,0,0,0,0,0,0,0,0,0,0,0,0,0,0,0,0,0,0,0,0,0,0
MAIN.EXE,0x30de8,FUN_00030de8,FUN_00030de8,2,2,0,1,0,0,0,0,0,0,0,0,0,0,0,0,0,0,0,0,0,0,0,0,0,0,0,0,0,0,0
MAIN.EXE,0x30e14,thunk_FUN_00040020,thunk_FUN_00040020,2,2,0,1,0,0,0,0,0,0,0,0,0,0,0,0,0,0,0,0,0,0,0,0,0,0,0,0,0,0,0
MAIN.EXE,0x18dac,FUN_00018dac,FUN_00018dac,2,2,11,1,0,0,0,0,0,0,0,0,0,0,0,0,0,0,0,0,0,0,0,0,0,0,0,0,0,0,0
MAIN.EXE,0x182d4,FUN_000182d4,FUN_000182d4,2,3,1,1,0,0,0,0,0,0,0,0,0,0,0,0,0,0,0,0,0,0,0,0,0,0,0,0,0,0,0
MAIN.EXE,0x239b0,FUN_000239b0,FUN_000239b0,2,3,3,1,0,0,0,0,0,0,0,0,0,0,0,0,0,0,0,0,0,0,0,0,0,0,0,0,0,0,0
MAIN.EXE,0x1a440,FUN_0001a440,FUN_0001a440,2,5,0,1,0,0,0,0,0,0,0,0,0,0,0,0,0,0,0,0,0,0,0,0,0,0,0,0,0,0,0
MAIN.EXE,0x188b4,FUN_000188b4,FUN_000188b4,2,6,1,1,0,0,0,0,0,0,0,0,0,0,0,0,0,0,0,0,0,0,0,0,0,0,0,0,0,0,0
MAIN.EXE,0x1f5c0,thunk_FUN_0001f5d4,thunk_FUN_0001f5d4,2,32,0,1,0,0,0,0,0,0,0,0,0,0,0,0,0,0,0,0,0,0,0,0,0,0,0,0,0,0,0
MAIN.EXE,0x1a1c4,FUN_0001a1c4,FUN_0001a1c4,3,0,1,0,0,0,0,0,0,0,0,0,0,0,0,0,0,0,0,0,0,0,0,0,0,0,0,0,0,0,0
MAIN.EXE,0x22438,FUN_00022438,FUN_00022438,3,0,1,0,0,0,0,0,0,0,0,0,0,0,0,0,0,0,0,0,0,0,0,0,0,0,0,0,0,0,0
MAIN.EXE,0xbbdc,FUN_0000bbdc,FUN_0000bbdc,3,0,1,0,0,0,0,0,0,0,0,0,0,0,0,0,0,0,0,0,0,0,0,0,0,0,0,0,0,0,0
MAIN.EXE,0x231ec,FUN_000231ec,FUN_000231ec,3,0,1,0,0,0,0,0,0,0,0,0,0,0,0,0,0,0,0,0,0,0,0,0,0,0,0,0,0,0,0
MAIN.EXE,0xace0,FUN_0000ace0,FUN_0000ace0,3,0,1,0,0,0,0,0,0,0,0,0,0,0,0,0,0,0,0,0,0,0,0,0,0,0,0,0,0,0,0
MAIN.EXE,0xbba0,FUN_0000bba0,FUN_0000bba0,3,0,1,0,0,0,0,0,0,0,0,0,0,0,0,0,0,0,0,0,0,0,0,0,0,0,0,0,0,0,0
MAIN.EXE,0x7dc0,FUN_00007dc0,FUN_00007dc0,3,0,1,0,0,0,0,0,0,0,0,0,0,0,0,0,0,0,0,0,0,0,0,0,0,0,0,0,0,0,0
MAIN.EXE,0x2ca0,FUN_00002ca0,FUN_00002ca0,3,0,1,0,0,0,0,0,0,0,0,0,0,0,0,0,0,0,0,0,0,0,0,0,0,0,0,0,0,0,0
MAIN.EXE,0x2c40,FUN_00002c40,FUN_00002c40,3,0,1,0,0,0,0,0,0,0,0,0,0,0,0,0,0,0,0,0,0,0,0,0,0,0,0,0,0,0,0
MAIN.EXE,0x2bb0,FUN_00002bb0,FUN_00002bb0,3,0,1,0,0,0,0,0,0,0,0,0,0,0,0,0,0,0,0,0,0,0,0,0,0,0,0,0,0,0,0
MAIN.EXE,0xc144,FUN_0000c144,FUN_0000c144,3,0,1,0,0,0,0,0,0,0,0,0,0,0,0,0,0,0,0,0,0,0,0,0,0,0,0,0,0,0,0
MAIN.EXE,0x1abfc,FUN_0001abfc,FUN_0001abfc,3,0,2,0,0,0,0,0,0,0,0,0,0,0,0,0,0,0,0,0,0,0,0,0,0,0,0,0,0,0,0
MAIN.EXE,0xa070,FUN_0000a070,FUN_0000a070,3,0,2,0,0,0,0,0,0,0,0,0,0,0,0,0,0,0,0,0,0,0,0,0,0,0,0,0,0,0,0
MAIN.EXE,0x2e74,FUN_00002e74,FUN_00002e74,3,0,2,0,0,0,0,0,0,0,0,0,0,0,0,0,0,0,0,0,0,0,0,0,0,0,0,0,0,0,0
MAIN.EXE,0xedc,FUN_00000edc,FUN_00000edc,3,0,3,0,0,0,0,0,0,0,0,0,0,0,0,0,0,0,0,0,0,0,0,0,0,0,0,0,0,0,0
MAIN.EXE,0x6220,FUN_00006220,FUN_00006220,3,0,3,0,0,0,0,0,0,0,0,0,0,0,0,0,0,0,0,0,0,0,0,0,0,0,0,0,0,0,0
MAIN.EXE,0xc750,FUN_0000c750,FUN_0000c750,3,0,3,0,0,0,0,0,0,0,0,0,0,0,0,0,0,0,0,0,0,0,0,0,0,0,0,0,0,0,0
MAIN.EXE,0xc8a0,FUN_0000c8a0,FUN_0000c8a0,3,0,3,0,0,0,0,0,0,0,0,0,0,0,0,0,0,0,0,0,0,0,0,0,0,0,0,0,0,0,0
MAIN.EXE,0x22234,FUN_00022234,FUN_00022234,3,0,4,0,0,0,0,0,0,0,0,0,0,0,0,0,0,0,0,0,0,0,0,0,0,0,0,0,0,0,0
MAIN.EXE,0x1724,FUN_00001724,FUN_00001724,3,0,5,0,0,0,0,0,0,0,0,0,0,0,0,0,0,0,0,0,0,0,0,0,0,0,0,0,0,0,0
MAIN.EXE,0x3454,FUN_00003454,FUN_00003454,3,0,5,0,0,0,0,0,0,0,0,0,0,0,0,0,0,0,0,0,0,0,0,0,0,0,0,0,0,0,0
MAIN.EXE,0x11d0,FUN_000011d0,FUN_000011d0,3,0,5,0,0,0,0,0,0,0,0,0,0,0,0,0,0,0,0,0,0,0,0,0,0,0,0,0,0,0,0
MAIN.EXE,0xa4f0,FUN_0000a4f0,FUN_0000a4f0,3,0,6,0,0,0,0,0,0,0,0,0,0,0,0,0,0,0,0,0,0,0,0,0,0,0,0,0,0,0,0
MAIN.EXE,0x1fdb4,FUN_0001fdb4,FUN_0001fdb4,3,0,7,0,0,0,0,0,0,0,0,0,0,0,0,0,0,0,0,0,0,0,0,0,0,0,0,0,0,0,0
MAIN.EXE,0x1deb4,FUN_0001deb4,FUN_0001deb4,3,0,7,0,0,0,0,0,0,0,0,0,0,0,0,0,0,0,0,0,0,0,0,0,0,0,0,0,0,0,0
MAIN.EXE,0x8ff0,FUN_00008ff0,FUN_00008ff0,3,0,9,0,0,0,0,0,0,0,0,0,0,0,0,0,0,0,0,0,0,0,0,0,0,0,0,0,0,0,0
MAIN.EXE,0x99ac,FUN_000099ac,suspect_input_init_or_poll,3,0,11,0,0,0,0,0,0,0,0,0,0,0,0,0,0,0,0,0,0,0,0,0,0,0,0,0,0,0,0
MAIN.EXE,0xa944,FUN_0000a944,FUN_0000a944,3,0,14,0,0,0,0,0,0,0,0,0,0,0,0,0,0,0,0,0,0,0,0,0,0,0,0,0,0,0,0
MAIN.EXE,0x19c34,FUN_00019c34,FUN_00019c34,3,1,0,0,0,0,0,0,0,0,0,0,0,0,0,0,0,0,0,0,0,0,0,0,0,0,0,0,0,0,0
MAIN.EXE,0x1c94c,FUN_0001c94c,FUN_0001c94c,3,1,0,0,0,0,0,0,0,0,0,0,0,0,0,0,0,0,0,0,0,0,0,0,0,0,0,0,0,0,0
MAIN.EXE,0x1942c,FUN_0001942c,FUN_0001942c,3,1,0,0,0,0,0,0,0,0,0,0,0,0,0,0,0,0,0,0,0,0,0,0,0,0,0,0,0,0,0
MAIN.EXE,0x195f0,FUN_000195f0,FUN_000195f0,3,1,0,0,0,0,0,0,0,0,0,0,0,0,0,0,0,0,0,0,0,0,0,0,0,0,0,0,0,0,0
MAIN.EXE,0x21168,FUN_00021168,FUN_00021168,3,1,0,0,0,0,0,0,0,0,0,0,0,0,0,0,0,0,0,0,0,0,0,0,0,0,0,0,0,0,0
MAIN.EXE,0x207f0,FUN_000207f0,FUN_000207f0,3,1,0,0,0,0,0,0,0,0,0,0,0,0,0,0,0,0,0,0,0,0,0,0,0,0,0,0,0,0,0
MAIN.EXE,0x2eb34,FUN_0002eb34,FUN_0002eb34,3,1,0,0,0,0,0,0,0,0,0,0,0,0,0,0,0,0,0,0,0,0,0,0,0,0,0,0,0,0,0
MAIN.EXE,0x2ec94,FUN_0002ec94,FUN_0002ec94,3,1,0,0,0,0,0,0,0,0,0,0,0,0,0,0,0,0,0,0,0,0,0,0,0,0,0,0,0,0,0
MAIN.EXE,0x2eb64,FUN_0002eb64,FUN_0002eb64,3,1,0,0,0,0,0,0,0,0,0,0,0,0,0,0,0,0,0,0,0,0,0,0,0,0,0,0,0,0,0
MAIN.EXE,0x36da8,FUN_00036da8,FUN_00036da8,3,1,0,0,0,0,0,0,0,0,0,0,0,0,0,0,0,0,0,0,0,0,0,0,0,0,0,0,0,0,0
MAIN.EXE,0x1e674,FUN_0001e674,FUN_0001e674,3,1,0,0,0,0,0,0,0,0,0,0,0,0,0,0,0,0,0,0,0,0,0,0,0,0,0,0,0,0,0
MAIN.EXE,0x1e514,FUN_0001e514,FUN_0001e514,3,1,0,0,0,0,0,0,0,0,0,0,0,0,0,0,0,0,0,0,0,0,0,0,0,0,0,0,0,0,0
MAIN.EXE,0x36ea0,FUN_00036ea0,FUN_00036ea0,3,1,0,0,0,0,0,0,0,0,0,0,0,0,0,0,0,0,0,0,0,0,0,0,0,0,0,0,0,0,0
MAIN.EXE,0x23c70,FUN_00023c70,FUN_00023c70,3,1,0,0,0,0,0,0,0,0,0,0,0,0,0,0,0,0,0,0,0,0,0,0,0,0,0,0,0,0,0
MAIN.EXE,0x1ed30,FUN_0001ed30,FUN_0001ed30,3,1,0,0,0,0,0,0,0,0,0,0,0,0,0,0,0,0,0,0,0,0,0,0,0,0,0,0,0,0,0
MAIN.EXE,0x3a8a8,FUN_0003a8a8,FUN_0003a8a8,3,1,0,0,0,0,0,0,0,0,0,0,0,0,0,0,0,0,0,0,0,0,0,0,0,0,0,0,0,0,0
MAIN.EXE,0x20484,FUN_00020484,FUN_00020484,3,1,0,0,0,0,0,0,0,0,0,0,0,0,0,0,0,0,0,0,0,0,0,0,0,0,0,0,0,0,0
MAIN.EXE,0x36f34,FUN_00036f34,FUN_00036f34,3,1,0,0,0,0,0,0,0,0,0,0,0,0,0,0,0,0,0,0,0,0,0,0,0,0,0,0,0,0,0
MAIN.EXE,0x24b78,FUN_00024b78,FUN_00024b78,3,1,0,0,0,0,0,0,0,0,0,0,0,0,0,0,0,0,0,0,0,0,0,0,0,0,0,0,0,0,0
MAIN.EXE,0x36754,FUN_00036754,FUN_00036754,3,1,0,0,0,0,0,0,0,0,0,0,0,0,0,0,0,0,0,0,0,0,0,0,0,0,0,0,0,0,0
MAIN.EXE,0x21318,FUN_00021318,FUN_00021318,3,1,0,0,0,0,0,0,0,0,0,0,0,0,0,0,0,0,0,0,0,0,0,0,0,0,0,0,0,0,0
MAIN.EXE,0x1cc48,thunk_FUN_00034460,thunk_FUN_00034460,3,1,0,0,0,0,0,0,0,0,0,0,0,0,0,0,0,0,0,0,0,0,0,0,0,0,0,0,0,0,0
MAIN.EXE,0x39a34,FUN_00039a34,FUN_00039a34,3,1,0,0,0,0,0,0,0,0,0,0,0,0,0,0,0,0,0,0,0,0,0,0,0,0,0,0,0,0,0
MAIN.EXE,0x1caf0,FUN_0001caf0,FUN_0001caf0,3,1,0,0,0,0,0,0,0,0,0,0,0,0,0,0,0,0,0,0,0,0,0,0,0,0,0,0,0,0,0
MAIN.EXE,0x31a48,FUN_00031a48,FUN_00031a48,3,1,0,0,0,0,0,0,0,0,0,0,0,0,0,0,0,0,0,0,0,0,0,0,0,0,0,0,0,0,0
MAIN.EXE,0x35a68,FUN_00035a68,FUN_00035a68,3,1,0,0,0,0,0,0,0,0,0,0,0,0,0,0,0,0,0,0,0,0,0,0,0,0,0,0,0,0,0
MAIN.EXE,0x35d1c,FUN_00035d1c,FUN_00035d1c,3,1,0,0,0,0,0,0,0,0,0,0,0,0,0,0,0,0,0,0,0,0,0,0,0,0,0,0,0,0,0
MAIN.EXE,0x1c9c4,FUN_0001c9c4,FUN_0001c9c4,3,1,0,0,0,0,0,0,0,0,0,0,0,0,0,0,0,0,0,0,0,0,0,0,0,0,0,0,0,0,0
MAIN.EXE,0x2fb58,FUN_0002fb58,FUN_0002fb58,3,1,0,0,0,0,0,0,0,0,0,0,0,0,0,0,0,0,0,0,0,0,0,0,0,0,0,0,0,0,0
MAIN.EXE,0x21708,FUN_00021708,FUN_00021708,3,1,0,0,0,0,0,0,0,0,0,0,0,0,0,0,0,0,0,0,0,0,0,0,0,0,0,0,0,0,0
MAIN.EXE,0x2995c,FUN_0002995c,FUN_0002995c,3,1,0,0,0,0,0,0,0,0,0,0,0,0,0,0,0,0,0,0,0,0,0,0,0,0,0,0,0,0,0
MAIN.EXE,0x29928,FUN_00029928,FUN_00029928,3,1,0,0,0,0,0,0,0,0,0,0,0,0,0,0,0,0,0,0,0,0,0,0,0,0,0,0,0,0,0
MAIN.EXE,0x2d9ec,FUN_0002d9ec,FUN_0002d9ec,3,1,0,0,0,0,0,0,0,0,0,0,0,0,0,0,0,0,0,0,0,0,0,0,0,0,0,0,0,0,0
MAIN.EXE,0x2d8ac,FUN_0002d8ac,FUN_0002d8ac,3,1,0,0,0,0,0,0,0,0,0,0,0,0,0,0,0,0,0,0,0,0,0,0,0,0,0,0,0,0,0
MAIN.EXE,0x3665c,FUN_0003665c,FUN_0003665c,3,1,0,0,0,0,0,0,0,0,0,0,0,0,0,0,0,0,0,0,0,0,0,0,0,0,0,0,0,0,0
MAIN.EXE,0x220c0,FUN_000220c0,FUN_000220c0,3,1,0,0,0,0,0,0,0,0,0,0,0,0,0,0,0,0,0,0,0,0,0,0,0,0,0,0,0,0,0
MAIN.EXE,0x23588,FUN_00023588,action_order2,3,1,0,0,0,0,0,0,0,0,0,0,0,0,0,0,0,0,0,0,0,0,0,0,0,0,0,0,0,0,0
MAIN.EXE,0x2437c,FUN_0002437c,FUN_0002437c,3,1,0,0,0,0,0,0,0,0,0,0,0,0,0,0,0,0,0,0,0,0,0,0,0,0,0,0,0,0,0
MAIN.EXE,0x2ff34,FUN_0002ff34,FUN_0002ff34,3,1,0,0,0,0,0,0,0,0,0,0,0,0,0,0,0,0,0,0,0,0,0,0,0,0,0,0,0,0,0
MAIN.EXE,0x2fb80,FUN_0002fb80,FUN_0002fb80,3,1,0,0,0,0,0,0,0,0,0,0,0,0,0,0,0,0,0,0,0,0,0,0,0,0,0,0,0,0,0
MAIN.EXE,0x23c3c,FUN_00023c3c,FUN_00023c3c,3,1,0,0,0,0,0,0,0,0,0,0,0,0,0,0,0,0,0,0,0,0,0,0,0,0,0,0,0,0,0
MAIN.EXE,0x23c80,FUN_00023c80,FUN_00023c80,3,1,0,0,0,0,0,0,0,0,0,0,0,0,0,0,0,0,0,0,0,0,0,0,0,0,0,0,0,0,0
MAIN.EXE,0x23c2c,FUN_00023c2c,FUN_00023c2c,3,1,0,0,0,0,0,0,0,0,0,0,0,0,0,0,0,0,0,0,0,0,0,0,0,0,0,0,0,0,0
MAIN.EXE,0x2fdb4,FUN_0002fdb4,FUN_0002fdb4,3,1,0,0,0,0,0,0,0,0,0,0,0,0,0,0,0,0,0,0,0,0,0,0,0,0,0,0,0,0,0
MAIN.EXE,0x2f538,FUN_0002f538,FUN_0002f538,3,1,0,0,0,0,0,0,0,0,0,0,0,0,0,0,0,0,0,0,0,0,0,0,0,0,0,0,0,0,0
MAIN.EXE,0x2e8b4,FUN_0002e8b4,FUN_0002e8b4,3,1,0,0,0,0,0,0,0,0,0,0,0,0,0,0,0,0,0,0,0,0,0,0,0,0,0,0,0,0,0
MAIN.EXE,0x2e8e4,FUN_0002e8e4,FUN_0002e8e4,3,1,0,0,0,0,0,0,0,0,0,0,0,0,0,0,0,0,0,0,0,0,0,0,0,0,0,0,0,0,0
MAIN.EXE,0x1afb4,FUN_0001afb4,FUN_0001afb4,3,1,0,0,0,0,0,0,0,0,0,0,0,0,0,0,0,0,0,0,0,0,0,0,0,0,0,0,0,0,0
MAIN.EXE,0x24748,FUN_00024748,FUN_00024748,3,1,0,0,0,0,0,0,0,0,0,0,0,0,0,0,0,0,0,0,0,0,0,0,0,0,0,0,0,0,0
MAIN.EXE,0x31fd0,FUN_00031fd0,FUN_00031fd0,3,1,0,0,0,0,0,0,0,0,0,0,0,0,0,0,0,0,0,0,0,0,0,0,0,0,0,0,0,0,0
MAIN.EXE,0x31938,FUN_00031938,FUN_00031938,3,1,0,0,0,0,0,0,0,0,0,0,0,0,0,0,0,0,0,0,0,0,0,0,0,0,0,0,0,0,0
MAIN.EXE,0x2df60,FUN_0002df60,FUN_0002df60,3,1,0,0,0,0,0,0,0,0,0,0,0,0,0,0,0,0,0,0,0,0,0,0,0,0,0,0,0,0,0
MAIN.EXE,0x2dfa4,FUN_0002dfa4,FUN_0002dfa4,3,1,0,0,0,0,0,0,0,0,0,0,0,0,0,0,0,0,0,0,0,0,0,0,0,0,0,0,0,0,0
MAIN.EXE,0x30374,FUN_00030374,FUN_00030374,3,1,0,0,0,0,0,0,0,0,0,0,0,0,0,0,0,0,0,0,0,0,0,0,0,0,0,0,0,0,0
MAIN.EXE,0x2df40,FUN_0002df40,FUN_0002df40,3,1,0,0,0,0,0,0,0,0,0,0,0,0,0,0,0,0,0,0,0,0,0,0,0,0,0,0,0,0,0
MAIN.EXE,0x302ac,FUN_000302ac,FUN_000302ac,3,1,0,0,0,0,0,0,0,0,0,0,0,0,0,0,0,0,0,0,0,0,0,0,0,0,0,0,0,0,0
MAIN.EXE,0x30728,FUN_00030728,FUN_00030728,3,1,0,0,0,0,0,0,0,0,0,0,0,0,0,0,0,0,0,0,0,0,0,0,0,0,0,0,0,0,0
MAIN.EXE,0x2dcc0,FUN_0002dcc0,FUN_0002dcc0,3,1,0,0,0,0,0,0,0,0,0,0,0,0,0,0,0,0,0,0,0,0,0,0,0,0,0,0,0,0,0
MAIN.EXE,0x2da0c,FUN_0002da0c,FUN_0002da0c,3,1,0,0,0,0,0,0,0,0,0,0,0,0,0,0,0,0,0,0,0,0,0,0,0,0,0,0,0,0,0
MAIN.EXE,0x2da94,FUN_0002da94,FUN_0002da94,3,1,0,0,0,0,0,0,0,0,0,0,0,0,0,0,0,0,0,0,0,0,0,0,0,0,0,0,0,0,0
MAIN.EXE,0x2da1c,FUN_0002da1c,FUN_0002da1c,3,1,0,0,0,0,0,0,0,0,0,0,0,0,0,0,0,0,0,0,0,0,0,0,0,0,0,0,0,0,0
MAIN.EXE,0x2db1c,FUN_0002db1c,FUN_0002db1c,3,1,0,0,0,0,0,0,0,0,0,0,0,0,0,0,0,0,0,0,0,0,0,0,0,0,0,0,0,0,0
MAIN.EXE,0x1a28c,FUN_0001a28c,FUN_0001a28c,3,1,1,0,0,0,0,0,0,0,0,0,0,0,0,0,0,0,0,0,0,0,0,0,0,0,0,0,0,0,0
MAIN.EXE,0x2245c,FUN_0002245c,FUN_0002245c,3,1,1,0,0,0,0,0,0,0,0,0,0,0,0,0,0,0,0,0,0,0,0,0,0,0,0,0,0,0,0
MAIN.EXE,0x1f000,FUN_0001f000,FUN_0001f000,3,1,1,0,0,0,0,0,0,0,0,0,0,0,0,0,0,0,0,0,0,0,0,0,0,0,0,0,0,0,0
MAIN.EXE,0x207bc,FUN_000207bc,FUN_000207bc,3,1,1,0,0,0,0,0,0,0,0,0,0,0,0,0,0,0,0,0,0,0,0,0,0,0,0,0,0,0,0
MAIN.EXE,0x212a0,FUN_000212a0,FUN_000212a0,3,1,1,0,0,0,0,0,0,0,0,0,0,0,0,0,0,0,0,0,0,0,0,0,0,0,0,0,0,0,0
MAIN.EXE,0x2ef90,FUN_0002ef90,FUN_0002ef90,3,1,1,0,0,0,0,0,0,0,0,0,0,0,0,0,0,0,0,0,0,0,0,0,0,0,0,0,0,0,0
MAIN.EXE,0x20654,FUN_00020654,FUN_00020654,3,1,1,0,0,0,0,0,0,0,0,0,0,0,0,0,0,0,0,0,0,0,0,0,0,0,0,0,0,0,0
MAIN.EXE,0x21ef4,FUN_00021ef4,FUN_00021ef4,3,1,1,0,0,0,0,0,0,0,0,0,0,0,0,0,0,0,0,0,0,0,0,0,0,0,0,0,0,0,0
MAIN.EXE,0x21478,FUN_00021478,FUN_00021478,3,1,1,0,0,0,0,0,0,0,0,0,0,0,0,0,0,0,0,0,0,0,0,0,0,0,0,0,0,0,0
MAIN.EXE,0x216f8,FUN_000216f8,FUN_000216f8,3,1,1,0,0,0,0,0,0,0,0,0,0,0,0,0,0,0,0,0,0,0,0,0,0,0,0,0,0,0,0
MAIN.EXE,0x29a1c,FUN_00029a1c,FUN_00029a1c,3,1,1,0,0,0,0,0,0,0,0,0,0,0,0,0,0,0,0,0,0,0,0,0,0,0,0,0,0,0,0
MAIN.EXE,0x23c90,FUN_00023c90,FUN_00023c90,3,1,1,0,0,0,0,0,0,0,0,0,0,0,0,0,0,0,0,0,0,0,0,0,0,0,0,0,0,0,0
MAIN.EXE,0x1a348,FUN_0001a348,FUN_0001a348,3,1,1,0,0,0,0,0,0,0,0,0,0,0,0,0,0,0,0,0,0,0,0,0,0,0,0,0,0,0,0
MAIN.EXE,0x204e4,FUN_000204e4,FUN_000204e4,3,1,2,0,0,0,0,0,0,0,0,0,0,0,0,0,0,0,0,0,0,0,0,0,0,0,0,0,0,0,0
MAIN.EXE,0x1de58,FUN_0001de58,FUN_0001de58,3,1,3,0,0,0,0,0,0,0,0,0,0,0,0,0,0,0,0,0,0,0,0,0,0,0,0,0,0,0,0
MAIN.EXE,0x2230c,FUN_0002230c,FUN_0002230c,3,1,3,0,0,0,0,0,0,0,0,0,0,0,0,0,0,0,0,0,0,0,0,0,0,0,0,0,0,0,0
MAIN.EXE,0x1ed70,FUN_0001ed70,FUN_0001ed70,3,1,3,0,0,0,0,0,0,0,0,0,0,0,0,0,0,0,0,0,0,0,0,0,0,0,0,0,0,0,0
MAIN.EXE,0x1d9f4,FUN_0001d9f4,FUN_0001d9f4,3,1,3,0,0,0,0,0,0,0,0,0,0,0,0,0,0,0,0,0,0,0,0,0,0,0,0,0,0,0,0
MAIN.EXE,0x22578,FUN_00022578,FUN_00022578,3,1,4,0,0,0,0,0,0,0,0,0,0,0,0,0,0,0,0,0,0,0,0,0,0,0,0,0,0,0,0
MAIN.EXE,0x2269c,FUN_0002269c,FUN_0002269c,3,1,4,0,0,0,0,0,0,0,0,0,0,0,0,0,0,0,0,0,0,0,0,0,0,0,0,0,0,0,0
MAIN.EXE,0x1b364,FUN_0001b364,FUN_0001b364,3,1,5,0,0,0,0,0,0,0,0,0,0,0,0,0,0,0,0,0,0,0,0,0,0,0,0,0,0,0,0
MAIN.EXE,0x1fab8,FUN_0001fab8,render_tick,3,1,8,0,0,0,0,0,0,0,0,0,0,0,0,0,0,0,0,0,0,0,0,0,0,0,0,0,0,0,0
MAIN.EXE,0x235d4,FUN_000235d4,suspect_input_decode_table,3,1,10,0,0,0,0,0,0,0,0,0,0,0,0,0,0,0,0,0,0,0,0,0,0,0,0,0,0,0,0
MAIN.EXE,0x2a418,FUN_0002a418,FUN_0002a418,3,2,0,0,0,0,0,0,0,0,0,0,0,0,0,0,0,0,0,0,0,0,0,0,0,0,0,0,0,0,0
MAIN.EXE,0x24400,FUN_00024400,FUN_00024400,3,2,0,0,0,0,0,0,0,0,0,0,0,0,0,0,0,0,0,0,0,0,0,0,0,0,0,0,0,0,0
MAIN.EXE,0x31978,FUN_00031978,FUN_00031978,3,2,0,0,0,0,0,0,0,0,0,0,0,0,0,0,0,0,0,0,0,0,0,0,0,0,0,0,0,0,0
MAIN.EXE,0x32278,FUN_00032278,FUN_00032278,3,2,0,0,0,0,0,0,0,0,0,0,0,0,0,0,0,0,0,0,0,0,0,0,0,0,0,0,0,0,0
MAIN.EXE,0x31c7c,FUN_00031c7c,FUN_00031c7c,3,2,0,0,0,0,0,0,0,0,0,0,0,0,0,0,0,0,0,0,0,0,0,0,0,0,0,0,0,0,0
MAIN.EXE,0x35914,FUN_00035914,FUN_00035914,3,2,0,0,0,0,0,0,0,0,0,0,0,0,0,0,0,0,0,0,0,0,0,0,0,0,0,0,0,0,0
MAIN.EXE,0x1cc18,FUN_0001cc18,FUN_0001cc18,3,2,0,0,0,0,0,0,0,0,0,0,0,0,0,0,0,0,0,0,0,0,0,0,0,0,0,0,0,0,0
MAIN.EXE,0x354f0,FUN_000354f0,FUN_000354f0,3,2,0,0,0,0,0,0,0,0,0,0,0,0,0,0,0,0,0,0,0,0,0,0,0,0,0,0,0,0,0
MAIN.EXE,0x356b4,FUN_000356b4,FUN_000356b4,3,2,0,0,0,0,0,0,0,0,0,0,0,0,0,0,0,0,0,0,0,0,0,0,0,0,0,0,0,0,0
MAIN.EXE,0x366c8,FUN_000366c8,FUN_000366c8,3,2,0,0,0,0,0,0,0,0,0,0,0,0,0,0,0,0,0,0,0,0,0,0,0,0,0,0,0,0,0
MAIN.EXE,0x3aa90,FUN_0003aa90,FUN_0003aa90,3,2,0,0,0,0,0,0,0,0,0,0,0,0,0,0,0,0,0,0,0,0,0,0,0,0,0,0,0,0,0
MAIN.EXE,0x3aad4,FUN_0003aad4,FUN_0003aad4,3,2,0,0,0,0,0,0,0,0,0,0,0,0,0,0,0,0,0,0,0,0,0,0,0,0,0,0,0,0,0
MAIN.EXE,0x35ad4,FUN_00035ad4,FUN_00035ad4,3,2,0,0,0,0,0,0,0,0,0,0,0,0,0,0,0,0,0,0,0,0,0,0,0,0,0,0,0,0,0
MAIN.EXE,0x358f0,FUN_000358f0,FUN_000358f0,3,2,0,0,0,0,0,0,0,0,0,0,0,0,0,0,0,0,0,0,0,0,0,0,0,0,0,0,0,0,0
MAIN.EXE,0x2fec0,FUN_0002fec0,FUN_0002fec0,3,2,0,0,0,0,0,0,0,0,0,0,0,0,0,0,0,0,0,0,0,0,0,0,0,0,0,0,0,0,0
MAIN.EXE,0x21cf0,FUN_00021cf0,FUN_00021cf0,3,2,0,0,0,0,0,0,0,0,0,0,0,0,0,0,0,0,0,0,0,0,0,0,0,0,0,0,0,0,0
MAIN.EXE,0x24858,FUN_00024858,FUN_00024858,3,2,0,0,0,0,0,0,0,0,0,0,0,0,0,0,0,0,0,0,0,0,0,0,0,0,0,0,0,0,0
MAIN.EXE,0x2d9fc,FUN_0002d9fc,FUN_0002d9fc,3,2,0,0,0,0,0,0,0,0,0,0,0,0,0,0,0,0,0,0,0,0,0,0,0,0,0,0,0,0,0
MAIN.EXE,0x31cd0,FUN_00031cd0,FUN_00031cd0,3,2,0,0,0,0,0,0,0,0,0,0,0,0,0,0,0,0,0,0,0,0,0,0,0,0,0,0,0,0,0
MAIN.EXE,0x24590,FUN_00024590,FUN_00024590,3,2,0,0,0,0,0,0,0,0,0,0,0,0,0,0,0,0,0,0,0,0,0,0,0,0,0,0,0,0,0
MAIN.EXE,0x30740,FUN_00030740,FUN_00030740,3,2,0,0,0,0,0,0,0,0,0,0,0,0,0,0,0,0,0,0,0,0,0,0,0,0,0,0,0,0,0
MAIN.EXE,0x2db3c,FUN_0002db3c,FUN_0002db3c,3,2,0,0,0,0,0,0,0,0,0,0,0,0,0,0,0,0,0,0,0,0,0,0,0,0,0,0,0,0,0
MAIN.EXE,0x29a4c,FUN_00029a4c,FUN_00029a4c,3,2,1,0,0,0,0,0,0,0,0,0,0,0,0,0,0,0,0,0,0,0,0,0,0,0,0,0,0,0,0
MAIN.EXE,0x1cbb8,FUN_0001cbb8,FUN_0001cbb8,3,2,1,0,0,0,0,0,0,0,0,0,0,0,0,0,0,0,0,0,0,0,0,0,0,0,0,0,0,0,0
MAIN.EXE,0x22144,FUN_00022144,FUN_00022144,3,2,1,0,0,0,0,0,0,0,0,0,0,0,0,0,0,0,0,0,0,0,0,0,0,0,0,0,0,0,0
MAIN.EXE,0x18878,FUN_00018878,FUN_00018878,3,2,1,0,0,0,0,0,0,0,0,0,0,0,0,0,0,0,0,0,0,0,0,0,0,0,0,0,0,0,0
MAIN.EXE,0x2158c,FUN_0002158c,FUN_0002158c,3,2,1,0,0,0,0,0,0,0,0,0,0,0,0,0,0,0,0,0,0,0,0,0,0,0,0,0,0,0,0
MAIN.EXE,0x30840,FUN_00030840,FUN_00030840,3,2,1,0,0,0,0,0,0,0,0,0,0,0,0,0,0,0,0,0,0,0,0,0,0,0,0,0,0,0,0
MAIN.EXE,0x211ac,FUN_000211ac,FUN_000211ac,3,2,2,0,0,0,0,0,0,0,0,0,0,0,0,0,0,0,0,0,0,0,0,0,0,0,0,0,0,0,0
MAIN.EXE,0x23f50,FUN_00023f50,FUN_00023f50,3,2,2,0,0,0,0,0,0,0,0,0,0,0,0,0,0,0,0,0,0,0,0,0,0,0,0,0,0,0,0
MAIN.EXE,0x1a734,FUN_0001a734,FUN_0001a734,3,2,2,0,0,0,0,0,0,0,0,0,0,0,0,0,0,0,0,0,0,0,0,0,0,0,0,0,0,0,0
MAIN.EXE,0x1dd68,FUN_0001dd68,FUN_0001dd68,3,3,0,0,0,0,0,0,0,0,0,0,0,0,0,0,0,0,0,0,0,0,0,0,0,0,0,0,0,0,0
MAIN.EXE,0x21424,FUN_00021424,FUN_00021424,3,3,0,0,0,0,0,0,0,0,0,0,0,0,0,0,0,0,0,0,0,0,0,0,0,0,0,0,0,0,0
MAIN.EXE,0x35800,FUN_00035800,FUN_00035800,3,3,0,0,0,0,0,0,0,0,0,0,0,0,0,0,0,0,0,0,0,0,0,0,0,0,0,0,0,0,0
MAIN.EXE,0x184b8,FUN_000184b8,FUN_000184b8,3,3,0,0,0,0,0,0,0,0,0,0,0,0,0,0,0,0,0,0,0,0,0,0,0,0,0,0,0,0,0
MAIN.EXE,0x2d96c,FUN_0002d96c,FUN_0002d96c,3,3,0,0,0,0,0,0,0,0,0,0,0,0,0,0,0,0,0,0,0,0,0,0,0,0,0,0,0,0,0
MAIN.EXE,0x30558,FUN_00030558,FUN_00030558,3,3,0,0,0,0,0,0,0,0,0,0,0,0,0,0,0,0,0,0,0,0,0,0,0,0,0,0,0,0,0
MAIN.EXE,0x19ef4,FUN_00019ef4,FUN_00019ef4,3,3,1,0,0,0,0,0,0,0,0,0,0,0,0,0,0,0,0,0,0,0,0,0,0,0,0,0,0,0,0
MAIN.EXE,0x1ea04,FUN_0001ea04,FUN_0001ea04,3,3,1,0,0,0,0,0,0,0,0,0,0,0,0,0,0,0,0,0,0,0,0,0,0,0,0,0,0,0,0
MAIN.EXE,0x1a2a0,FUN_0001a2a0,FUN_0001a2a0,3,3,1,0,0,0,0,0,0,0,0,0,0,0,0,0,0,0,0,0,0,0,0,0,0,0,0,0,0,0,0
MAIN.EXE,0x1f610,FUN_0001f610,FUN_0001f610,3,3,1,0,0,0,0,0,0,0,0,0,0,0,0,0,0,0,0,0,0,0,0,0,0,0,0,0,0,0,0
MAIN.EXE,0x21c64,FUN_00021c64,suspect_action_move_03_lvl1,3,3,1,0,0,0,0,0,0,0,0,0,0,0,0,0,0,0,0,0,0,0,0,0,0,0,0,0,0,0,0
MAIN.EXE,0x21b4c,FUN_00021b4c,FUN_00021b4c,3,3,1,0,0,0,0,0,0,0,0,0,0,0,0,0,0,0,0,0,0,0,0,0,0,0,0,0,0,0,0
MAIN.EXE,0x240a0,FUN_000240a0,FUN_000240a0,3,3,3,0,0,0,0,0,0,0,0,0,0,0,0,0,0,0,0,0,0,0,0,0,0,0,0,0,0,0,0
MAIN.EXE,0x2e148,FUN_0002e148,FUN_0002e148,3,4,0,0,0,0,0,0,0,0,0,0,0,0,0,0,0,0,0,0,0,0,0,0,0,0,0,0,0,0,0
MAIN.EXE,0x3539c,FUN_0003539c,FUN_0003539c,3,4,0,0,0,0,0,0,0,0,0,0,0,0,0,0,0,0,0,0,0,0,0,0,0,0,0,0,0,0,0
MAIN.EXE,0x2e77c,FUN_0002e77c,FUN_0002e77c,3,4,0,0,0,0,0,0,0,0,0,0,0,0,0,0,0,0,0,0,0,0,0,0,0,0,0,0,0,0,0
MAIN.EXE,0x1cba8,FUN_0001cba8,FUN_0001cba8,3,4,0,0,0,0,0,0,0,0,0,0,0,0,0,0,0,0,0,0,0,0,0,0,0,0,0,0,0,0,0
MAIN.EXE,0x245b4,FUN_000245b4,FUN_000245b4,3,4,0,0,0,0,0,0,0,0,0,0,0,0,0,0,0,0,0,0,0,0,0,0,0,0,0,0,0,0,0
MAIN.EXE,0x245a8,FUN_000245a8,FUN_000245a8,3,4,0,0,0,0,0,0,0,0,0,0,0,0,0,0,0,0,0,0,0,0,0,0,0,0,0,0,0,0,0
MAIN.EXE,0x35cc0,FUN_00035cc0,FUN_00035cc0,3,4,0,0,0,0,0,0,0,0,0,0,0,0,0,0,0,0,0,0,0,0,0,0,0,0,0,0,0,0,0
MAIN.EXE,0x2ecc4,FUN_0002ecc4,FUN_0002ecc4,3,4,2,0,0,0,0,0,0,0,0,0,0,0,0,0,0,0,0,0,0,0,0,0,0,0,0,0,0,0,0
MAIN.EXE,0x2233c,FUN_0002233c,FUN_0002233c,3,4,3,0,0,0,0,0,0,0,0,0,0,0,0,0,0,0,0,0,0,0,0,0,0,0,0,0,0,0,0
MAIN.EXE,0x35324,FUN_00035324,FUN_00035324,3,5,0,0,0,0,0,0,0,0,0,0,0,0,0,0,0,0,0,0,0,0,0,0,0,0,0,0,0,0,0
MAIN.EXE,0x24bbc,FUN_00024bbc,FUN_00024bbc,3,5,0,0,0,0,0,0,0,0,0,0,0,0,0,0,0,0,0,0,0,0,0,0,0,0,0,0,0,0,0
MAIN.EXE,0x1a4a0,FUN_0001a4a0,FUN_0001a4a0,3,5,0,0,0,0,0,0,0,0,0,0,0,0,0,0,0,0,0,0,0,0,0,0,0,0,0,0,0,0,0
MAIN.EXE,0x21fd4,FUN_00021fd4,FUN_00021fd4,3,5,0,0,0,0,0,0,0,0,0,0,0,0,0,0,0,0,0,0,0,0,0,0,0,0,0,0,0,0,0
MAIN.EXE,0x2db5c,FUN_0002db5c,FUN_0002db5c,3,5,0,0,0,0,0,0,0,0,0,0,0,0,0,0,0,0,0,0,0,0,0,0,0,0,0,0,0,0,0
MAIN.EXE,0x1dcd4,FUN_0001dcd4,FUN_0001dcd4,3,5,0,0,0,0,0,0,0,0,0,0,0,0,0,0,0,0,0,0,0,0,0,0,0,0,0,0,0,0,0
MAIN.EXE,0x21dec,FUN_00021dec,FUN_00021dec,3,5,1,0,0,0,0,0,0,0,0,0,0,0,0,0,0,0,0,0,0,0,0,0,0,0,0,0,0,0,0
MAIN.EXE,0x2f158,FUN_0002f158,FUN_0002f158,3,5,2,0,0,0,0,0,0,0,0,0,0,0,0,0,0,0,0,0,0,0,0,0,0,0,0,0,0,0,0
MAIN.EXE,0x35360,FUN_00035360,FUN_00035360,3,6,0,0,0,0,0,0,0,0,0,0,0,0,0,0,0,0,0,0,0,0,0,0,0,0,0,0,0,0,0
MAIN.EXE,0x35464,FUN_00035464,FUN_00035464,3,6,0,0,0,0,0,0,0,0,0,0,0,0,0,0,0,0,0,0,0,0,0,0,0,0,0,0,0,0,0
MAIN.EXE,0x1cc68,FUN_0001cc68,FUN_0001cc68,3,6,0,0,0,0,0,0,0,0,0,0,0,0,0,0,0,0,0,0,0,0,0,0,0,0,0,0,0,0,0
MAIN.EXE,0x1cc38,FUN_0001cc38,sync_wait,3,6,1,0,0,0,0,0,0,0,0,0,0,0,0,0,0,0,0,0,0,0,0,0,0,0,0,0,0,0,0
MAIN.EXE,0x2e0c8,FUN_0002e0c8,FUN_0002e0c8,3,7,0,0,0,0,0,0,0,0,0,0,0,0,0,0,0,0,0,0,0,0,0,0,0,0,0,0,0,0,0
MAIN.EXE,0x2ddf4,FUN_0002ddf4,FUN_0002ddf4,3,7,0,0,0,0,0,0,0,0,0,0,0,0,0,0,0,0,0,0,0,0,0,0,0,0,0,0,0,0,0
MAIN.EXE,0x2dfc4,FUN_0002dfc4,FUN_0002dfc4,3,7,0,0,0,0,0,0,0,0,0,0,0,0,0,0,0,0,0,0,0,0,0,0,0,0,0,0,0,0,0
MAIN.EXE,0x2df80,FUN_0002df80,FUN_0002df80,3,7,0,0,0,0,0,0,0,0,0,0,0,0,0,0,0,0,0,0,0,0,0,0,0,0,0,0,0,0,0
MAIN.EXE,0x1dca4,FUN_0001dca4,FUN_0001dca4,3,8,0,0,0,0,0,0,0,0,0,0,0,0,0,0,0,0,0,0,0,0,0,0,0,0,0,0,0,0,0
MAIN.EXE,0x1cb60,FUN_0001cb60,FUN_0001cb60,3,8,0,0,0,0,0,0,0,0,0,0,0,0,0,0,0,0,0,0,0,0,0,0,0,0,0,0,0,0,0
MAIN.EXE,0x1cc08,FUN_0001cc08,FUN_0001cc08,3,8,0,0,0,0,0,0,0,0,0,0,0,0,0,0,0,0,0,0,0,0,0,0,0,0,0,0,0,0,0
MAIN.EXE,0x2db84,FUN_0002db84,FUN_0002db84,3,9,0,0,0,0,0,0,0,0,0,0,0,0,0,0,0,0,0,0,0,0,0,0,0,0,0,0,0,0,0
MAIN.EXE,0x246d8,FUN_000246d8,FUN_000246d8,3,10,0,0,0,0,0,0,0,0,0,0,0,0,0,0,0,0,0,0,0,0,0,0,0,0,0,0,0,0,0
MAIN.EXE,0x2db70,FUN_0002db70,FUN_0002db70,3,10,0,0,0,0,0,0,0,0,0,0,0,0,0,0,0,0,0,0,0,0,0,0,0,0,0,0,0,0,0
MAIN.EXE,0x35554,FUN_00035554,FUN_00035554,3,13,0,0,0,0,0,0,0,0,0,0,0,0,0,0,0,0,0,0,0,0,0,0,0,0,0,0,0,0,0
MAIN.EXE,0x1f5e8,FUN_0001f5e8,suspect_action_move_02_lvl1,3,22,0,0,0,0,0,0,0,0,0,0,0,0,0,0,0,0,0,0,0,0,0,0,0,0,0,0,0,0,0
